,Country,Mean days,Median days,Max days,Min days,Mean temp,Median temp,Max temp,Min temp
0,Dominica,0.7272727272727273,0.7272727272727273,0.7272727272727273,0.7272727272727273,0.7272727272727273,0.7272727272727273,0.7272727272727273,0.7272727272727273
