,Country,Mean days,Median days,Max days,Min days,Mean temp,Median temp,Max temp,Min temp
0,"Bahamas, The",7.721590909090909,1.6818181818181817,54.63636363636363,0.09090909090909091,7.721590909090909,1.6818181818181817,54.63636363636363,0.09090909090909091
