,Country,Mean days,Median days,Max days,Min days,Mean temp,Median temp,Max temp,Min temp
0,Dominica,25.666666666666668,25.666666666666668,25.666666666666668,25.666666666666668,25.666666666666668,25.666666666666668,25.666666666666668,25.666666666666668
