,Country,Mean days,Median days,Max days,Min days,Mean temp,Median temp,Max temp,Min temp
0,St Kitts & Nevis,10.380952380952381,10.380952380952381,10.380952380952381,10.380952380952381,10.380952380952381,10.380952380952381,10.380952380952381,10.380952380952381
