,Country,Mean days,Median days,Max days,Min days,Mean temp,Median temp,Max temp,Min temp
0,St Vincent & the Grenadines,10.452380952380953,10.452380952380953,12.0,8.904761904761905,10.452380952380953,10.452380952380953,12.0,8.904761904761905
